original_original,original_city,original_area,original_abbreviation,original_state,lat,lon,formatted,name,suburb,street,postcode,district,city,county,county_code,state,state_code,country,confidence_street_level,country_code,confidence,confidence_city_level,attribution,attribution_license,attribution_url
Bhota_BpassDPP_D (Himachal Pradesh),Bhota,BpassDPP,D,Himachal Pradesh,31.60315,76.52674,"Bhota, HA, India",,,,,,Bhota,Hamirpur,HA,Himachal Pradesh,HP,India,,in,0.5,1,GeoNames,CC BY 4.0,https://www.geonames.org/datasources/
Ambabadi_DC (Rajasthan),Ambabadi,,DC,Rajasthan,26.9400444,75.7771989,"Ambabadi, Sikar Road, Amba Bari, Jaipur - 302001, RJ, India",Ambabadi,,Sikar Road,302001,Amba Bari,Jaipur,Jaipur Tehsil,,Rajasthan,RJ,India,,in,0.875,0.875,© OpenStreetMap contributors,Open Database License,https://www.openstreetmap.org/copyright
Rajkot_PedakRd_P (Gujarat),Rajkot,PedakRd,P,Gujarat,22.3053263,70.8028377,"Rajkot, GJ, India",,,,360001,,Rajkot,Rajkot East Taluka,,Gujarat,GJ,India,,in,0.5,1,© OpenStreetMap contributors,Open Database License,https://www.openstreetmap.org/copyright
Bayana_LalBagh_D (Rajasthan),Bayana,LalBagh,D,Rajasthan,26.9059419,77.2924498,"Bayana, RJ, India",,,,321400,,Bayana,Bayana Tehsil,,Rajasthan,RJ,India,,in,0.5,1,© OpenStreetMap contributors,Open Database License,https://www.openstreetmap.org/copyright
Shamshabad_Lngrguda_D (Telangana),Shamshabad,Lngrguda,D,Telangana,17.245702,78.414177,"Samshabad, Rangareddi, India",Samshabad,Samshabad,,,,,Rangareddi,RA,Telangana,TG,India,,in,0.5,1,Who's On First,CC0,https://www.whosonfirst.org/docs/licenses/
Amdavad_East (Gujarat),Amdavad,,East,Gujarat,,,,,,,,,,,,,,,,,,,,,
Bhiwandi_Mankoli_GW (Maharashtra),Bhiwandi,Mankoli,GW,Maharashtra,19.2394109,73.0429351,"Mankoli, MH, India",,,,421202,,Mankoli,Bhiwandi Taluka,,Maharashtra,MH,India,,in,0.45,0.9,© OpenStreetMap contributors,Open Database License,https://www.openstreetmap.org/copyright
Mumbai_Ulhasngr_DC (Maharashtra),Mumbai,Ulhasngr,DC,Maharashtra,19.054999,72.8692035,"Mumbai, MH, India",,,,,,Mumbai,,,Maharashtra,MH,India,,in,0.5,1,© OpenStreetMap contributors,Open Database License,https://www.openstreetmap.org/copyright
Mettur_RTOroad_D (Tamil Nadu),Mettur,RTOroad,D,Tamil Nadu,11.794574,77.798701,"Mettur, SA, India",,,,,,Mettur,Salem,SA,Tamil Nadu,TN,India,,in,0.5,1,Who's On First,CC0,https://www.whosonfirst.org/docs/licenses/
Gurgaon_SohnaRd_D (Haryana),Gurgaon,SohnaRd,D,Haryana,28.42826235,77.00270014657752,"Gurgaon, HR, India",,,,,,Gurgaon,,,Haryana,HR,India,,in,0.5,1,© OpenStreetMap contributors,Open Database License,https://www.openstreetmap.org/copyright
Nagarcoil_AsrplmRd_DC (Tamil Nadu),Nagarcoil,AsrplmRd,DC,Tamil Nadu,,,,,,,,,,,,,,,,,,,,,
Sangrur_DC (Punjab),Sangrur,,DC,Punjab,30.2432006,75.8358123,"Sangrur, PB, India",,,,148001,,Sangrur,Sangrur Tahsil,,Punjab,PB,India,,in,1,1,© OpenStreetMap contributors,Open Database License,https://www.openstreetmap.org/copyright
Sausar_Central_DPP_1 (Madhya Pradesh),Sausar,Central,DPP1,Madhya Pradesh,21.6535265,78.7969518,"Sausar, MP, India",,,,480106,,Sausar,Sausar Tahsil,,Madhya Pradesh,MP,India,,in,0.5,1,© OpenStreetMap contributors,Open Database License,https://www.openstreetmap.org/copyright
Chennai_Chrompet_PC (Tamil Nadu),Chennai,Chrompet,PC,Tamil Nadu,13.0836939,80.270186,"Chennai, TN, India",,,,600001,,Chennai,Chennai,,Tamil Nadu,TN,India,,in,0.5,1,© OpenStreetMap contributors,Open Database License,https://www.openstreetmap.org/copyright
Nalasopara (Maharashtra),Nalasopara,,,Maharashtra,19.41744235,72.81759745672312,"Nalasopara, Depot Road, Nallasopara East, Vasai-Virar - 401203, MH, India",Nalasopara,Nallasopara East,Depot Road,401203,Nala Sopara,Vasai-Virar,Vasai Taluka,,Maharashtra,MH,India,,in,1,1,© OpenStreetMap contributors,Open Database License,https://www.openstreetmap.org/copyright
Savner_Wagodha_D (Maharashtra),Savner,Wagodha,D,Maharashtra,21.3847093,78.9188075,"Saoner, MH, India",,,,441107,,Saoner,Savner,,Maharashtra,MH,India,,in,0.5,1,© OpenStreetMap contributors,Open Database License,https://www.openstreetmap.org/copyright
Edappal_PonaniRD_D (Kerala),Edappal,PonaniRD,D,Kerala,10.7837932,76.0077904,"Edappal, KL, India",,,,679576,,Edappal,Ponnani,,Kerala,KL,India,,in,0.5,1,© OpenStreetMap contributors,Open Database License,https://www.openstreetmap.org/copyright
Mumbai_Khandeshwar_Dc (Maharashtra),Mumbai,Khandeshwar,Dc,Maharashtra,19.0073498,73.0952827,"Khandeshwar Station Road, Navi Mumbai - 410206, MH, India",Khandeshwar,,Khandeshwar Station Road,410206,,Navi Mumbai,Panvel Taluka,,Maharashtra,MH,India,0.81,in,0.81,0.9,© OpenStreetMap contributors,Open Database License,https://www.openstreetmap.org/copyright
Sonipat_Kundli_P (Haryana),Sonipat,Kundli,P,Haryana,28.8696747,77.1198167,"Kundli, HR, India",,,,131028,,Kundli,Sonipat,,Haryana,HR,India,,in,0.5,1,© OpenStreetMap contributors,Open Database License,https://www.openstreetmap.org/copyright
Chennai_Sriperumbudur_Dc (Tamil Nadu),Chennai,Sriperumbudur,Dc,Tamil Nadu,13.039935,80.170828,"Kodambakkam – Sriperumbudur Road, Ward 152, Chennai - 600087, TN, India",,Ward 152,Kodambakkam – Sriperumbudur Road,600087,Valasaravakkam,Chennai,Chennai,CH,Tamil Nadu,TN,India,0.81,in,0.81,1,© OpenStreetMap contributors,Open Database License,https://www.openstreetmap.org/copyright
Kolkata_Dankuni_P (West Bengal),Kolkata,Dankuni,P,West Bengal,22.5726459,88.3638953,"Kolkata, WB, India",,,,,,Kolkata,Kolkata,,West Bengal,WB,India,,in,0.5,1,© OpenStreetMap contributors,Open Database License,https://www.openstreetmap.org/copyright
Sikandrabd_GTRoad_D (Uttar Pradesh),Sikandrabd,GTRoad,D,Uttar Pradesh,26.879641,80.56982,"Uttar Pradesh, India",Uttar Pradesh,,,,,,,,Uttar Pradesh,UP,India,,in,0.25,,Who's On First,CC0,https://www.whosonfirst.org/docs/licenses/
Raipur_Central_D_5 (Chhattisgarh),Raipur,Central,D5,Chhattisgarh,21.2488617,81.6050303,"Central Garden, Raipur - 492010, CT, India",Central Garden,,,492010,,Raipur,Raipur Tahsil,,Chhattisgarh,CT,India,0.9,in,0.9,1,© OpenStreetMap contributors,Open Database License,https://www.openstreetmap.org/copyright
Hyderabad_South_D_12 (Telangana),Hyderabad,South,D12,Telangana,17.3548033,78.5695656,"South End Park Road, Ward 11 Nagole, Hyderabad - 500068, TG, India",South End Park Road,Ward 11 Nagole,South End Park Road,500068,Greater Hyderabad Municipal Corporation East Zone,Hyderabad,Saroornagar mandal,,Telangana,TG,India,0.81,in,0.81,1,© OpenStreetMap contributors,Open Database License,https://www.openstreetmap.org/copyright
Jhabua_Ward11_D (Madhya Pradesh),Jhabua,Ward11,D,Madhya Pradesh,22.7696741,74.591217,"Jhabua, MP, India",,,,457661,,Jhabua,Jhabua Tahsil,,Madhya Pradesh,MP,India,,in,0.5,1,© OpenStreetMap contributors,Open Database License,https://www.openstreetmap.org/copyright
Thirukkatupli_Poondi_D (Tamil Nadu),Thirukkatupli,Poondi,D,Tamil Nadu,13.182582199999999,79.85652558119062,"Sathyamoorty Sagar, Poondi, Thiruvallur, India",Sathyamoorty Sagar,,,,,Poondi,Thiruvallur,,Tamil Nadu,TN,India,,in,0,,© OpenStreetMap contributors,Open Database License,https://www.openstreetmap.org/copyright
Gopalganj_GopalDPP_D (Bihar),Gopalganj,GopalDPP,D,Bihar,26.4609692,84.4398292,"Gopalganj, BR, India",,,,841428,,Gopalganj,Gopalganj,,Bihar,BR,India,,in,0.5,1,© OpenStreetMap contributors,Open Database License,https://www.openstreetmap.org/copyright
Pundibari_StatonRD_D (West Bengal),Pundibari,StatonRD,D,West Bengal,26.528594,89.102357,"Pundibari, WB, India",,,,,,Pundibari,Jalpaiguri,,West Bengal,WB,India,,in,0.5,1,Who's On First,CC0,https://www.whosonfirst.org/docs/licenses/
Mathura_DC (Uttar Pradesh),Mathura,,DC,Uttar Pradesh,27.442809500000003,77.57236088551137,"Mathura, UP, India",,,,,,Mathura,Mathura,,Uttar Pradesh,UP,India,,in,1,1,© OpenStreetMap contributors,Open Database License,https://www.openstreetmap.org/copyright
BLR_HSR_Layout_PC (Karnataka),BLR,HSR,LayoutPC,Karnataka,12.970541,77.604785,"Bangalore, BN, India",,,,,,Bangalore,Bangalore,BN,Karnataka,KA,India,,in,0,,Who's On First,CC0,https://www.whosonfirst.org/docs/licenses/
Kasaragod_Nullipad_D (Kerala),Kasaragod,Nullipad,D,Kerala,12.5035577,74.9907022,"Kasaragod, KL, India",,,,671121,,Kasaragod,Kasaragod,,Kerala,KL,India,,in,0.5,1,© OpenStreetMap contributors,Open Database License,https://www.openstreetmap.org/copyright
CoochBehar_Psthrjhr_D (West Bengal),CoochBehar,Psthrjhr,D,West Bengal,23.269974,87.815506,"West Bengal, India",West Bengal,,,,,,,,West Bengal,WB,India,,in,0.25,,Who's On First,CC0,https://www.whosonfirst.org/docs/licenses/
Arwal_Rozapar_D (Bihar),Arwal,Rozapar,D,Bihar,25.24324,84.662895,"Arwal, BR, India",,,,804401,,Arwal,Arwal,,Bihar,BR,India,,in,0.5,1,© OpenStreetMap contributors,Open Database License,https://www.openstreetmap.org/copyright
Lucknow_Pandriba_L (Uttar Pradesh),Lucknow,Pandriba,L,Uttar Pradesh,26.8381,80.9346001,"Lucknow, UP, India",,,,226027,,Lucknow,Lucknow,,Uttar Pradesh,UP,India,,in,0.5,1,© OpenStreetMap contributors,Open Database License,https://www.openstreetmap.org/copyright
Akbarpur_Auliyapr_D (Uttar Pradesh),Akbarpur,Auliyapr,D,Uttar Pradesh,,,,,,,,,,,,,,,,,,,,,
Dhaurahara_TahsilRD_D (Uttar Pradesh),Dhaurahara,TahsilRD,D,Uttar Pradesh,27.999922,81.0890946,"Dhaurahara, UP, India",,,,262723,,Dhaurahara,Dhaurahara,,Uttar Pradesh,UP,India,,in,0.5,1,© OpenStreetMap contributors,Open Database License,https://www.openstreetmap.org/copyright
Pune_East_D_7 (Maharashtra),Pune,East,D7,Maharashtra,18.5136716,73.8798807,"East Street, Pune Cantonment, Pune - 411001, MH, India",East Street,Pune Cantonment,East Street,411001,,Pune,Pune District,,Maharashtra,MH,India,1,in,1,1,© OpenStreetMap contributors,Open Database License,https://www.openstreetmap.org/copyright
Rajgangpur_Central_D_2 (Orissa),Rajgangpur,Central,D2,Orissa,44,21,"Central Serbia, Serbia",Central Serbia,,,,,,,,,,Serbia,,rs,0,,GeoNames,CC BY 4.0,https://www.geonames.org/datasources/
Robertsganj_ArtoDPP_D (Uttar Pradesh),Robertsganj,ArtoDPP,D,Uttar Pradesh,24.6898057,83.0653008,"Robertsganj, UP, India",,,,231216,,Robertsganj,Robertsganj,,Uttar Pradesh,UP,India,,in,0.5,1,© OpenStreetMap contributors,Open Database License,https://www.openstreetmap.org/copyright
Bengaluru_Whitefld_L (Karnataka),Bengaluru,Whitefld,L,Karnataka,12.9767936,77.590082,"Bengaluru, KA, India",,,,560001,,Bengaluru,Bangalore North,,Karnataka,KA,India,,in,0.5,1,© OpenStreetMap contributors,Open Database License,https://www.openstreetmap.org/copyright
Botad_DC (Gujarat),Botad,,DC,Gujarat,22.1686,71.6685,"Botad, GJ, India",,,,364700,,Botad,Botad Taluka,,Gujarat,GJ,India,,in,1,1,© OpenStreetMap contributors,Open Database License,https://www.openstreetmap.org/copyright
Zirakpur_DC (Punjab),Zirakpur,,DC,Punjab,30.6557257,76.8200648,"Zirakpur, PB, India",,,,140603,,Zirakpur,Dera Bassi Tahsil,,Punjab,PB,India,,in,1,1,© OpenStreetMap contributors,Open Database License,https://www.openstreetmap.org/copyright
Yavatmal_JajuDPP_D (Maharashtra),Yavatmal,JajuDPP,D,Maharashtra,20.390344,78.1328518,"Yavatmal, MH, India",,,,445001,,Yavatmal,Yavatmal,,Maharashtra,MH,India,,in,0.5,1,© OpenStreetMap contributors,Open Database License,https://www.openstreetmap.org/copyright
Assandh_MhrjaDPP_D (Haryana),Assandh,MhrjaDPP,D,Haryana,,,,,,,,,,,,,,,,,,,,,
Tallada_PtrlBunk_D (Telangana),Tallada,PtrlBunk,D,Telangana,17.2181818,80.4199516,"Tallada, TG, India",,,,507167,,Tallada,Thallada mandal,,Telangana,TG,India,,in,0.5,1,© OpenStreetMap contributors,Open Database License,https://www.openstreetmap.org/copyright
Satana_ThrbadRD_D (Maharashtra),Satana,ThrbadRD,D,Maharashtra,20.598619,74.204065,"Satana, NS, India",,,,,,Satana,Nashik,NS,Maharashtra,MH,India,,in,0.5,1,Who's On First,CC0,https://www.whosonfirst.org/docs/licenses/
Areacode_Puthalam_D (Kerala),Areacode,Puthalam,D,Kerala,11.22925825,76.05531209134091,"Irunnakuzhi (Puthalam), KL, India",Puthalam,,,,,Puthalam,Ernad,,Kerala,KL,India,,in,0,,© OpenStreetMap contributors,Open Database License,https://www.openstreetmap.org/copyright
Chandi_SH78_D (Bihar),Chandi,SH78,D,Bihar,25.3270444,85.4016734,"SH78, Chandi - 803108, BR, India",,,SH78,803108,,Chandi,Chandi,,Bihar,BR,India,1,in,1,1,© OpenStreetMap contributors,Open Database License,https://www.openstreetmap.org/copyright
Bengaluru_NwYlhnka_DC (Karnataka),Bengaluru,NwYlhnka,DC,Karnataka,12.9767936,77.590082,"Bengaluru, KA, India",,,,560001,,Bengaluru,Bangalore North,,Karnataka,KA,India,,in,0.5,1,© OpenStreetMap contributors,Open Database License,https://www.openstreetmap.org/copyright
Mumbai_Khar West _Dc (Maharashtra),Mumbai,Khar West,Dc,Maharashtra,19.072225,72.830234,"Khar West, Mumbai, MU, India",Khar West,Khar West,,,Zone 3,Mumbai,Mumbai City,MU,Maharashtra,MH,India,,in,0.5,1,Who's On First,CC0,https://www.whosonfirst.org/docs/licenses/
Duliajan_StatonRd_D (Assam),Duliajan,StatonRd,D,Assam,27.3559134,95.3192307,"Duliajan, AS, India",,,,786602,,Duliajan,Tengakhat,,Assam,AS,India,,in,0.5,1,© OpenStreetMap contributors,Open Database License,https://www.openstreetmap.org/copyright
Rehli_Ward7DPP_D (Madhya Pradesh),Rehli,Ward7DPP,D,Madhya Pradesh,23.6368925,79.0643258,"Rehli, MP, India",,,,470227,,Rehli,Rehli Tahsil,,Madhya Pradesh,MP,India,,in,0.5,1,© OpenStreetMap contributors,Open Database License,https://www.openstreetmap.org/copyright
Barauni_Wardno10_D (Bihar),Barauni,Wardno10,D,Bihar,25.4676424,85.9904136,"Barauni, BR, India",,,,851112,,Barauni,Barauni,,Bihar,BR,India,,in,0.25,1,© OpenStreetMap contributors,Open Database License,https://www.openstreetmap.org/copyright
Pudukkotti_Mrthndpr_D (Tamil Nadu),Pudukkotti,Mrthndpr,D,Tamil Nadu,11.162317,78.256926,"Pudukkotti, TN, India",,,,,,Pudukkotti,Namakkal,,Tamil Nadu,TN,India,,in,0.5,1,Who's On First,CC0,https://www.whosonfirst.org/docs/licenses/
Krishnarajngr_JublieRD_D (Karnataka),Krishnarajngr,JublieRD,D,Karnataka,,,,,,,,,,,,,,,,,,,,,
Bankura_BhowmDPP_D (West Bengal),Bankura,BhowmDPP,D,West Bengal,23.235601,87.0660229,"Bankura, WB, India",,,,722101,,Bankura,Bankura - I,,West Bengal,WB,India,,in,0.5,1,© OpenStreetMap contributors,Open Database License,https://www.openstreetmap.org/copyright
Kahalgaon_NdiaTola_D (Bihar),Kahalgaon,NdiaTola,D,Bihar,25.2623176,87.2303381,"Kahalgaon, BR, India",,,,813224,,Kahalgaon,Kahalgaon,,Bihar,BR,India,,in,0.5,1,© OpenStreetMap contributors,Open Database License,https://www.openstreetmap.org/copyright
Khagaria_GodamDPP_D (Bihar),Khagaria,GodamDPP,D,Bihar,25.5112455,86.4756555,"Khagaria, BR, India",,,,851204,,Khagaria,Khagaria,,Bihar,BR,India,,in,0.5,1,© OpenStreetMap contributors,Open Database License,https://www.openstreetmap.org/copyright
Allahabad_Phaphamu_DC (Uttar Pradesh),Allahabad,Phaphamu,DC,Uttar Pradesh,,,,,,,,,,,,,,,,,,,,,
Lucknow_Indira Nagar (Uttar Pradesh),Lucknow,,Indira Nagar,Uttar Pradesh,26.8381,80.9346001,"Lucknow, UP, India",,,,226027,,Lucknow,Lucknow,,Uttar Pradesh,UP,India,,in,1,1,© OpenStreetMap contributors,Open Database License,https://www.openstreetmap.org/copyright
AMD_Satellite (Gujarat),AMD,,Satellite,Gujarat,23.361661,71.64895,"Gujarat, India",Gujarat,,,,,,,,Gujarat,GJ,India,,in,0.5,,Who's On First,CC0,https://www.whosonfirst.org/docs/licenses/
Aurangabad (Maharashtra),Aurangabad,,,Maharashtra,19.877263,75.3390241,"Chhatrapati Sambhajinagar, MH, India",,,,431002,,Chhatrapati Sambhajinagar,Chhatrapati Sambhajinagar,,Maharashtra,MH,India,,in,1,1,© OpenStreetMap contributors,Open Database License,https://www.openstreetmap.org/copyright
Vishakhapatnam (Andhra Pradesh),Vishakhapatnam,,,Andhra Pradesh,17.674,83.22,"Greenpark Vishakhapatnam, Visakhapatnam, India",Greenpark Vishakhapatnam,,,,,Visakhapatnam,Visakhapatnam,VS,Andhra Pradesh,AP,India,,in,1,1,GeoNames,CC BY 4.0,https://www.geonames.org/datasources/
Mumbai_Skynet_INT (Maharashtra),Mumbai,Skynet,INT,Maharashtra,19.054999,72.8692035,"Mumbai, MH, India",,,,,,Mumbai,,,Maharashtra,MH,India,,in,0.5,1,© OpenStreetMap contributors,Open Database License,https://www.openstreetmap.org/copyright
KN_RPC (Delhi),KN,,RPC,Delhi,11.261035,77.688836,"Kn Palayam, TN, India",,,,,,Kn Palayam,Erode,,Tamil Nadu,TN,India,,in,0,,Who's On First,CC0,https://www.whosonfirst.org/docs/licenses/
Gahmar_Wardnor4_D (Uttar Pradesh),Gahmar,Wardnor4,D,Uttar Pradesh,25.4992028,83.8088755,"Gahmar, UP, India",,,,232327,,Gahmar,Zamania,,Uttar Pradesh,UP,India,,in,0.25,1,© OpenStreetMap contributors,Open Database License,https://www.openstreetmap.org/copyright
Gurgaon_Manesar (Haryana),Gurgaon,,Manesar,Haryana,28.42826235,77.00270014657752,"Gurgaon, HR, India",,,,,,Gurgaon,,,Haryana,HR,India,,in,1,1,© OpenStreetMap contributors,Open Database License,https://www.openstreetmap.org/copyright
Shrimadhopur_RLSTNDPP_D (Rajasthan),Shrimadhopur,RLSTNDPP,D,Rajasthan,27.464695,75.598245,"Governmet Hospital Shrimadhopur, Sri Madhopur - 332715, RJ, India",Governmet Hospital Shrimadhopur,,,332715,,Sri Madhopur,Sikar,SK,Rajasthan,RJ,India,,in,0,0.9166666666666666,© OpenStreetMap contributors,Open Database License,https://www.openstreetmap.org/copyright
Namakkal_Rkcomplx_DC (Tamil Nadu),Namakkal,Rkcomplx,DC,Tamil Nadu,11.2191692,78.16787,"Namakkal, TN, India",,,,637001,,Namakkal,Namakkal,,Tamil Nadu,TN,India,,in,0.5,1,© OpenStreetMap contributors,Open Database License,https://www.openstreetmap.org/copyright
Thachnttukra_Nattukal_D (Kerala),Thachnttukra,Nattukal,D,Kerala,10.969093,76.356217,"Nattukal, Fiftyfive Mile, MA, India",Nattukal,Nattukal,,,,Fiftyfive Mile,Malappuram,MA,Kerala,KL,India,,in,0,,Who's On First,CC0,https://www.whosonfirst.org/docs/licenses/
Dharuhera_Central_DPP_2 (Haryana),Dharuhera,Central,DPP2,Haryana,28.2055216,76.7953099,"Dharuhera, HR, India",,,,123106,,Dharuhera,Rewari,,Haryana,HR,India,,in,0.5,1,© OpenStreetMap contributors,Open Database License,https://www.openstreetmap.org/copyright
Kawardha_TrnsptNGR_D (Chhattisgarh),Kawardha,TrnsptNGR,D,Chhattisgarh,22.0059254,81.2332055,"Kawardha, CT, India",,,,491995,,Kawardha,Kawardha Tahsil,,Chhattisgarh,CT,India,,in,0.5,1,© OpenStreetMap contributors,Open Database License,https://www.openstreetmap.org/copyright
Hamirpur_KanpurRd_D (Uttar Pradesh),Hamirpur,KanpurRd,D,Uttar Pradesh,25.9516,80.1511,"Hamirpur, UP, India",,,,210300,,Hamirpur,Hamirpur,,Uttar Pradesh,UP,India,,in,0.5,1,© OpenStreetMap contributors,Open Database License,https://www.openstreetmap.org/copyright
Jhargram_UBamdDPP_D (West Bengal),Jhargram,UBamdDPP,D,West Bengal,22.4538505,86.9949477,"Jhargram, WB, India",,,,721507,,Jhargram,Jhargram,,West Bengal,WB,India,,in,0.5,1,© OpenStreetMap contributors,Open Database License,https://www.openstreetmap.org/copyright
Mumbai_Kharghar_D (Maharashtra),Mumbai,Kharghar,D,Maharashtra,19.025773,73.0591845321935,"Kharghar Station Road, Belpada Village, Navi Mumbai - 410210, MH, India",Kharghar,,Kharghar Station Road,410210,Belpada Village,Navi Mumbai,Panvel Taluka,,Maharashtra,MH,India,0.81,in,0.81,0.9,© OpenStreetMap contributors,Open Database License,https://www.openstreetmap.org/copyright
Del_B_RPC (Delhi),Del,B,RPC,Delhi,28.6138954,77.2090057,"New Delhi, DL, India",,,,,,New Delhi,,,Delhi,DL,India,,in,0.5984999999999999,0.5984999999999999,© OpenStreetMap contributors,Open Database License,https://www.openstreetmap.org/copyright
Chennai_Royapuram (Tamil Nadu),Chennai,,Royapuram,Tamil Nadu,13.0836939,80.270186,"Chennai, TN, India",,,,600001,,Chennai,Chennai,,Tamil Nadu,TN,India,,in,1,1,© OpenStreetMap contributors,Open Database License,https://www.openstreetmap.org/copyright
Chanapatna_Central_D_2 (Karnataka),Chanapatna,Central,D2,Karnataka,12.863404,74.843239,"Mangaluru Central, Mangalore - 575001, KA, India",Mangaluru Central,,,575001,,Mangalore,Dakshina Kannada,DK,Karnataka,KA,India,0.36000000000000004,in,0.36000000000000004,0.4,© OpenStreetMap contributors,Open Database License,https://www.openstreetmap.org/copyright
Khalilabad_MrgnjDPP_D (Uttar Pradesh),Khalilabad,MrgnjDPP,D,Uttar Pradesh,26.7725573,83.0691401,"Khalilabad, UP, India",,,,272175,,Khalilabad,Khalilabad,,Uttar Pradesh,UP,India,,in,0.5,1,© OpenStreetMap contributors,Open Database License,https://www.openstreetmap.org/copyright
Khandela_PlsrdDPP_D (Rajasthan),Khandela,PlsrdDPP,D,Rajasthan,,,,,,,,,,,,,,,,,,,,,
Bengaluru_Bomsndra_PC (Karnataka),Bengaluru,Bomsndra,PC,Karnataka,12.9767936,77.590082,"Bengaluru, KA, India",,,,560001,,Bengaluru,Bangalore North,,Karnataka,KA,India,,in,0.5,1,© OpenStreetMap contributors,Open Database License,https://www.openstreetmap.org/copyright
Parbhani_Rjndrngr_D (Maharashtra),Parbhani,Rjndrngr,D,Maharashtra,,,,,,,,,,,,,,,,,,,,,
Mumbai_East_L_23 (Maharashtra),Mumbai,East,L23,Maharashtra,19.142974,72.855068,"Jogeshwari East, Goregaon, Mumbai - 400060, MH, India",Jogeshwari East,Goregaon,,400060,Zone 4,Mumbai,Mumbai City,MU,Maharashtra,MH,India,0.9,in,0.9,1,© OpenStreetMap contributors,Open Database License,https://www.openstreetmap.org/copyright
Raigarh_MithmdRd_D (Chhattisgarh),Raigarh,MithmdRd,D,Chhattisgarh,21.897618,83.3965501,"Raigarh, CT, India",,,,496001,,Raigarh,Raigarh Tahsil,,Chhattisgarh,CT,India,,in,0.5,1,© OpenStreetMap contributors,Open Database License,https://www.openstreetmap.org/copyright
Bansi_GangDPP_D (Uttar Pradesh),Bansi,GangDPP,D,Uttar Pradesh,,,,,,,,,,,,,,,,,,,,,
Jalalpur_Mhimapur_D (Uttar Pradesh),Jalalpur,Mhimapur,D,Uttar Pradesh,25.861245,79.805601,"Jalalpur, HM, India",,,,,,Jalalpur,Hamirpur,HM,Uttar Pradesh,UP,India,,in,0.5,1,Who's On First,CC0,https://www.whosonfirst.org/docs/licenses/
MarwarJn_SndbrDPP_D (Rajasthan),MarwarJn,SndbrDPP,D,Rajasthan,,,,,,,,,,,,,,,,,,,,,
Itanagar_WageDPP_D (Arunachal Pradesh),Itanagar,WageDPP,D,Arunachal Pradesh,27.0979659,93.6237291,"Itanagar, AR, India",,,,791111,,Itanagar,Itanagar EAC,,Arunachal Pradesh,AR,India,,in,0.5,1,© OpenStreetMap contributors,Open Database License,https://www.openstreetmap.org/copyright
Balaghat_Kosmi_D (Madhya Pradesh),Balaghat,Kosmi,D,Madhya Pradesh,21.80448,80.2068,"Kosmi (Kosmi), BL, India",,,,,Kosmi,Kosmi,Balaghat,BL,Madhya Pradesh,MP,India,,in,0.5,1,GeoNames,CC BY 4.0,https://www.geonames.org/datasources/
Kangra_Central_D_2 (Himachal Pradesh),Kangra,Central,D2,Himachal Pradesh,32.2258773,76.32483040987165,"Central Tibetan Administration, Ram Nagar, Dharamshala - 176200, HP, India",Central Tibetan Administration,Ram Nagar,,176200,,Dharamshala,Dharamshala,,Himachal Pradesh,HP,India,0.30375,in,0.30375,0.375,© OpenStreetMap contributors,Open Database License,https://www.openstreetmap.org/copyright
Perundurai_Viveka_DC (Tamil Nadu),Perundurai,Viveka,DC,Tamil Nadu,11.2764669,77.5836267,"Perundurai, TN, India",,,,638052,,Perundurai,Perundurai,,Tamil Nadu,TN,India,,in,0.5,1,© OpenStreetMap contributors,Open Database License,https://www.openstreetmap.org/copyright
Agartala_Chmpmura_I (Tripura),Agartala,Chmpmura,I,Tripura,23.8312377,91.2823821,"Agartala, TR, India",,,,799001,,Agartala,Mohanpur,,Tripura,TR,India,,in,0.5,1,© OpenStreetMap contributors,Open Database License,https://www.openstreetmap.org/copyright
Durg_Bhilai_DC (Chhattisgarh),Durg,Bhilai,DC,Chhattisgarh,21.2120677,81.3732849,"Bhilai, CT, India",,,,490023,,Bhilai,Durg Tahsil,,Chhattisgarh,CT,India,,in,0.45,0.9,© OpenStreetMap contributors,Open Database License,https://www.openstreetmap.org/copyright
Bhavnagar_Dc (Gujarat),Bhavnagar,,Dc,Gujarat,21.7718836,72.1416449,"Bhavnagar, GJ, India",,,,364001,,Bhavnagar,Bhavnagar Taluka,,Gujarat,GJ,India,,in,1,1,© OpenStreetMap contributors,Open Database License,https://www.openstreetmap.org/copyright
Daman_DC (Daman & Diu),Daman,,DC,Daman & Diu,20.4169701,72.833173,"Daman, Dadra and Nagar Haveli and Daman and Diu, India",,,,396210,,Daman,Daman,,Dadra and Nagar Haveli and Daman and Diu,,India,,in,1,0.7290000000000001,© OpenStreetMap contributors,Open Database License,https://www.openstreetmap.org/copyright
Bakhtiarpur_BypassRD_D (Bihar),Bakhtiarpur,BypassRD,D,Bihar,,,,,,,,,,,,,,,,,,,,,
Siruguppa_Wrd12DPP_D (Karnataka),Siruguppa,Wrd12DPP,D,Karnataka,15.6336064,76.8939231,"Siruguppa, KA, India",,,,583121,,Siruguppa,Siruguppa taluku,,Karnataka,KA,India,,in,0.5,1,© OpenStreetMap contributors,Open Database License,https://www.openstreetmap.org/copyright
Lucknow_Aliganj (Uttar Pradesh),Lucknow,,Aliganj,Uttar Pradesh,26.8381,80.9346001,"Lucknow, UP, India",,,,226027,,Lucknow,Lucknow,,Uttar Pradesh,UP,India,,in,1,1,© OpenStreetMap contributors,Open Database License,https://www.openstreetmap.org/copyright
Dighwara_SadarHPL_D (Bihar),Dighwara,SadarHPL,D,Bihar,25.7434481,85.0010412,"Dighwara, BR, India",,,,841207,,Dighwara,Dighwara,,Bihar,BR,India,,in,0.5,1,© OpenStreetMap contributors,Open Database License,https://www.openstreetmap.org/copyright
Kurseong_ABPath_D (West Bengal),Kurseong,ABPath,D,West Bengal,26.8818268,88.2783637,"Kurseong, WB, India",,,,734203,,Kurseong,Kurseong Subdivision,,West Bengal,WB,India,,in,0.5,1,© OpenStreetMap contributors,Open Database License,https://www.openstreetmap.org/copyright
Karungaply_Mrtrklgr_D (Kerala),Karungaply,Mrtrklgr,D,Kerala,,,,,,,,,,,,,,,,,,,,,
Delhi_Todapur_DC (Delhi),Delhi,Todapur,DC,Delhi,28.6217303,77.1586415,"Todapur, Delhi Cantonment, New Delhi, Todapur, India",Todapur,Delhi Cantonment,,,Todapur,New Delhi,,,Delhi,DL,India,0.9,in,0.9,0.9,© OpenStreetMap contributors,Open Database License,https://www.openstreetmap.org/copyright
Nagpur_Jaripatk_DC (Maharashtra),Nagpur,Jaripatk,DC,Maharashtra,21.1498134,79.0820556,"Nagpur, MH, India",,,,,,Nagpur,Nagpur Urban Taluka,,Maharashtra,MH,India,,in,0.5,1,© OpenStreetMap contributors,Open Database License,https://www.openstreetmap.org/copyright
Baghpat_Barout_D (Uttar Pradesh),Baghpat,Barout,D,Uttar Pradesh,28.943402,77.2193369,"Baghpat, UP, India",,,,250609,,Baghpat,Baghpat,,Uttar Pradesh,UP,India,,in,0.5,1,© OpenStreetMap contributors,Open Database License,https://www.openstreetmap.org/copyright
Gangarmpur_KhdimDPP_D (West Bengal),Gangarmpur,KhdimDPP,D,West Bengal,,,,,,,,,,,,,,,,,,,,,
Hubli_Dc (Karnataka),Hubli,,Dc,Karnataka,15.3518378,75.1379848,"Hubli, KA, India",,,,580020,,Hubli,Hubballi Urban Taluku,,Karnataka,KA,India,,in,1,1,© OpenStreetMap contributors,Open Database License,https://www.openstreetmap.org/copyright
Kannad_KolheDPP_D (Maharashtra),Kannad,KolheDPP,D,Maharashtra,20.2654298,75.1322409,"Kannad, MH, India",,,,,,Kannad,Chhatrapati Sambhajinagar District,,Maharashtra,MH,India,,in,0.5,1,© OpenStreetMap contributors,Open Database License,https://www.openstreetmap.org/copyright
Chandigarh_Mehmdpur_P (Punjab),Chandigarh,Mehmdpur,P,Punjab,30.537984,75.958522,"Chandigarh, Sehke, SR, India",Chandigarh,Chandigarh,,,,Sehke,Sangrur,SR,Punjab,PB,India,,in,0.5,1,Who's On First,CC0,https://www.whosonfirst.org/docs/licenses/
Aunrihar_Central_D_1 (Uttar Pradesh),Aunrihar,Central,D1,Uttar Pradesh,25.54261,83.18833,"Aunrihar, Aurihar Khurd, GP, India",Aunrihar,Aunrihar,,,,Aurihar Khurd,Ghazipur,GP,Uttar Pradesh,UP,India,,in,0.5,1,Who's On First,CC0,https://www.whosonfirst.org/docs/licenses/
Bhalukpong_Khenewa_D (Arunachal Pradesh),Bhalukpong,Khenewa,D,Arunachal Pradesh,27.0137235,92.6358068,"Bhalukpong, AR, India",,,,790114,,Bhalukpong,Bhalukpong EAC,,Arunachal Pradesh,AR,India,,in,0.5,1,© OpenStreetMap contributors,Open Database License,https://www.openstreetmap.org/copyright
Mirzapur_JangiRd_D (Uttar Pradesh),Mirzapur,JangiRd,D,Uttar Pradesh,,,,,,,,,,,,,,,,,,,,,
Umerkote_Central_DPP_1 (Orissa),Umerkote,Central,DPP1,Orissa,44,21,"Central Serbia, Serbia",Central Serbia,,,,,,,,,,Serbia,,rs,0,,GeoNames,CC BY 4.0,https://www.geonames.org/datasources/
Delhi_Paschim_DC (Delhi),Delhi,Paschim,DC,Delhi,28.557163,77.163665,"Delhi, SW, India",,,,,,Delhi,South West Delhi,SW,Delhi,DL,India,,in,0.5,1,Who's On First,CC0,https://www.whosonfirst.org/docs/licenses/
Sultanganj_Wardno3_D (Bihar),Sultanganj,Wardno3,D,Bihar,25.2457955,86.7367437,"Sultanganj, BR, India",,,,812006,,Sultanganj,Sultanganj,,Bihar,BR,India,,in,0.25,1,© OpenStreetMap contributors,Open Database License,https://www.openstreetmap.org/copyright
Nabadwip_Srirmpur_D (West Bengal),Nabadwip,Srirmpur,D,West Bengal,23.4086684,88.3657991,"Nabadwip, WB, India",,,,741302,,Nabadwip,Nabadwip,,West Bengal,WB,India,,in,0.5,1,© OpenStreetMap contributors,Open Database License,https://www.openstreetmap.org/copyright
Palamaner_Lakshmi_D (Andhra Pradesh),Palamaner,Lakshmi,D,Andhra Pradesh,13.205556,78.746963,"Sri Lakshmi Venkateshwara Nursing Home, APSRTC Bus Stand Road, Palamaneru - 517408, AP, India",Sri Lakshmi Venkateshwara Nursing Home,,APSRTC Bus Stand Road,517408,,Palamaneru,Palamaner,,Andhra Pradesh,AP,India,,in,0,1,© OpenStreetMap contributors,Open Database License,https://www.openstreetmap.org/copyright
Vaikom_KotyamRD_D (Kerala),Vaikom,KotyamRD,D,Kerala,9.7497841,76.3926003,"Vaikom, KL, India",,,,686141,,Vaikom,Vaikom,,Kerala,KL,India,,in,0.5,1,© OpenStreetMap contributors,Open Database License,https://www.openstreetmap.org/copyright
Hyderabad_Kondapur_D (Telangana),Hyderabad,Kondapur,D,Telangana,17.4587912,78.3730556,"Kondapur, Hyderabad, TG, India",,Kondapur,,500084,Greater Hyderabad Municipal Corporation West Zone,Hyderabad,Serilingampalle mandal,,Telangana,TG,India,,in,0.5,1,© OpenStreetMap contributors,Open Database License,https://www.openstreetmap.org/copyright
Agra (Uttar Pradesh),Agra,,,Uttar Pradesh,27.1752554,78.0098161,"Agra, UP, India",,,,,,Agra,Agra,,Uttar Pradesh,UP,India,,in,1,1,© OpenStreetMap contributors,Open Database License,https://www.openstreetmap.org/copyright
Kangra_Gurkhari_D (Himachal Pradesh),Kangra,Gurkhari,D,Himachal Pradesh,32.6158,57.32496,"Cheshmeh-ye Gūrkharī, Tabas, Iran",Cheshmeh-ye Gūrkharī,,,,,,Tabas,TB,South Khorasan,KJ,Iran,,ir,0,,GeoNames,CC BY 4.0,https://www.geonames.org/datasources/
Dhuri_DMComDPP_D (Punjab),Dhuri,DMComDPP,D,Punjab,30.3708266,75.8647369,"Dhuri, PB, India",,,,148024,,Dhuri,Dhuri Tahsil,,Punjab,PB,India,,in,0.5,1,© OpenStreetMap contributors,Open Database License,https://www.openstreetmap.org/copyright
Shivpuri_BypassRD_D (Madhya Pradesh),Shivpuri,BypassRD,D,Madhya Pradesh,25.421845,77.653599,"Shivpuri, SV, India",,,,,,Shivpuri,Shivpuri,SV,Madhya Pradesh,MP,India,,in,0.5,1,Who's On First,CC0,https://www.whosonfirst.org/docs/licenses/
Chennai_Poonamallee_L (Tamil Nadu),Chennai,Poonamallee,L,Tamil Nadu,13.060438,80.162039,"Poonamallee Exit, Ward 146, Chennai - 600095, TN, India",,Ward 146,Poonamallee Exit,600095,Valasaravakkam,Chennai,Chennai,CH,Tamil Nadu,TN,India,0.9,in,0.9,1,© OpenStreetMap contributors,Open Database License,https://www.openstreetmap.org/copyright
Lodhan_GoalpDPP_D (West Bengal),Lodhan,GoalpDPP,D,West Bengal,26.06576,88.102943,"Lodhan, WB, India",,,,,,Lodhan,Uttar Dinajpur,,West Bengal,WB,India,,in,0.5,1,Who's On First,CC0,https://www.whosonfirst.org/docs/licenses/
Lunawada_VrdhriRD_D (Gujarat),Lunawada,VrdhriRD,D,Gujarat,23.127348,73.608217,"Lunawada, GJ, India",,,,,,Lunawada,Panch Mahals,,Gujarat,GJ,India,,in,0.5,1,Who's On First,CC0,https://www.whosonfirst.org/docs/licenses/
Parkal_AmbedDPP_D (Telangana),Parkal,AmbedDPP,D,Telangana,18.1980527,79.7010375,"Parkal, TG, India",,,,506164,,Parkal,Parkal mandal,,Telangana,TG,India,,in,0.5,1,© OpenStreetMap contributors,Open Database License,https://www.openstreetmap.org/copyright
Hanskhali_Central_D_1 (West Bengal),Hanskhali,Central,D1,West Bengal,23.351188,88.623272,"Hanskhali, Bagula, WB, India",Hanskhali,Hanskhali,,,,Bagula,Nadia,,West Bengal,WB,India,,in,0.5,1,Who's On First,CC0,https://www.whosonfirst.org/docs/licenses/
Mumbai_Bhandup West_Dc (Maharashtra),Mumbai,Bhandup West,Dc,Maharashtra,19.144779,72.936743,"Bhandup Station West Skywalk, Kanjur, Mumbai -, MH, India",,Kanjur,Bhandup Station West Skywalk,,Zone 6,Mumbai,Mumbai City,MU,Maharashtra,MH,India,0.81,in,0.81,1,© OpenStreetMap contributors,Open Database License,https://www.openstreetmap.org/copyright
Peddapalli_UdaynDPP_D (Telangana),Peddapalli,UdaynDPP,D,Telangana,18.6177235,79.3868069,"Peddapalli, TG, India",,,,505100,,Peddapalli,Peddapalli mandal,,Telangana,TG,India,,in,0.5,1,© OpenStreetMap contributors,Open Database License,https://www.openstreetmap.org/copyright
Tiruchi_Manikndm_H (Tamil Nadu),Tiruchi,Manikndm,H,Tamil Nadu,11.002499,77.038979,"Tiruchi Road, Coimbatore - 641005, TN, India",,,Tiruchi Road,641005,,Coimbatore,Coimbatore,CM,Tamil Nadu,TN,India,,in,0,,© OpenStreetMap contributors,Open Database License,https://www.openstreetmap.org/copyright
Salem_Kadtmpty_D (Tamil Nadu),Salem,Kadtmpty,D,Tamil Nadu,11.6551982,78.1581771,"Salem, TN, India",,,,636001,,Salem,Salem,,Tamil Nadu,TN,India,,in,0.5,1,© OpenStreetMap contributors,Open Database License,https://www.openstreetmap.org/copyright
Surat_Pandesra_Gateway (Gujarat),Surat,Pandesra,Gateway,Gujarat,21.2094892,72.8317058,"Surat, GJ, India",,,,395008,,Surat,Katargam Taluka,,Gujarat,GJ,India,,in,0.5,1,© OpenStreetMap contributors,Open Database License,https://www.openstreetmap.org/copyright
Howrah_Salap_DC (West Bengal),Howrah,Salap,DC,West Bengal,22.614759,88.267032,"Salap, Howrah, HR, India",Salap,Salap,,,,Howrah,Howrah,HR,West Bengal,WB,India,,in,0.5,1,Who's On First,CC0,https://www.whosonfirst.org/docs/licenses/
Berhampur_Chatrpr_DC (Orissa),Berhampur,Chatrpr,DC,Orissa,,,,,,,,,,,,,,,,,,,,,
Jasdan_MotiDPP_D (Gujarat),Jasdan,MotiDPP,D,Gujarat,22.0399,71.2046,"Jasdan, GJ, India",,,,360050,,Jasdan,Jasdan Taluka,,Gujarat,GJ,India,,in,0.5,1,© OpenStreetMap contributors,Open Database License,https://www.openstreetmap.org/copyright
Champa_Brplicwk_D (Chhattisgarh),Champa,Brplicwk,D,Chhattisgarh,22.0308423,82.6460412,"Champa, CT, India",,,,495617,,Champa,Champa Tahsil,,Chhattisgarh,CT,India,,in,0.5,1,© OpenStreetMap contributors,Open Database License,https://www.openstreetmap.org/copyright
Datia_TownDPP_D (Madhya Pradesh),Datia,TownDPP,D,Madhya Pradesh,25.6650399,78.4586499,"Datia, MP, India",,,,475600,,Datia,Datia Nagar Tahsil,,Madhya Pradesh,MP,India,,in,0.5,1,© OpenStreetMap contributors,Open Database License,https://www.openstreetmap.org/copyright
Delhi_Lajwanti (Delhi),Delhi,,Lajwanti,Delhi,28.6138954,77.2090057,"New Delhi, DL, India",,,,,,New Delhi,,,Delhi,DL,India,,in,0.9,0.9,© OpenStreetMap contributors,Open Database License,https://www.openstreetmap.org/copyright
Nirsa_ShantiDPP_D (Jharkhand),Nirsa,ShantiDPP,D,Jharkhand,23.784437,86.7068534,"Nirsa, JH, India",,,,,,Nirsa,Nirsa-Cum-Chirkunda,,Jharkhand,JH,India,,in,0.5,1,© OpenStreetMap contributors,Open Database License,https://www.openstreetmap.org/copyright
Buhana_CourtDPP_D (Rajasthan),Buhana,CourtDPP,D,Rajasthan,28.2050936,75.8775043,"Buhana, RJ, India",,,,333502,,Buhana,Buhana Tehsil,,Rajasthan,RJ,India,,in,0.5,1,© OpenStreetMap contributors,Open Database License,https://www.openstreetmap.org/copyright
North Delhi (Delhi),,North Delhi,,Delhi,28.48719,77.181057,"North Drive, Chattarpur, Delhi - 110030, DL, India",,Chattarpur,North Drive,110030,,Delhi,South West Delhi,SW,Delhi,DL,India,0.5,in,0.5,,© OpenStreetMap contributors,Open Database License,https://www.openstreetmap.org/copyright
Kerala_Cochin_L (Kerala),Kerala,Cochin,L,Kerala,9.980064500000001,76.2338364919834,"Kochi, India",,,,,,,Kochi,,Kerala,KL,India,,in,0.25,,© OpenStreetMap contributors,Open Database License,https://www.openstreetmap.org/copyright
Jaipur_Central_D_1 (Rajasthan),Jaipur,Central,D1,Rajasthan,26.917309,75.803539,"Central Post GPO, Ward 126, Jaipur - 302001, RJ, India",Central Post GPO,Ward 126,,302001,Zone 7,Jaipur,Jaipur,JP,Rajasthan,RJ,India,0.81,in,0.81,1,© OpenStreetMap contributors,Open Database License,https://www.openstreetmap.org/copyright